Year,Treatment,Rep,Response
1950,Control,1,14.82523916524393
1951,Control,1,2.849588789902148
1952,Control,1,24.347454455741765
1953,Control,1,9.463746777390016
1954,Control,1,2.6275209645245408
1955,Control,1,5.526320137623978
1956,Control,1,17.586429738539238
1957,Control,1,11.133849698012689
1958,Control,1,7.379092159589999
1959,Control,1,6.538148694649964
1960,Control,1,4.853604551240094
1961,Control,1,16.074263523080223
1962,Control,1,28.073501166613667
1963,Control,1,20.66598379164979
1964,Control,1,6.814852142246506
1965,Control,1,8.037489091124147
1966,Control,1,22.203435591906697
1967,Control,1,9.923084079641935
1968,Control,1,21.755324298834697
1969,Control,1,15.973472320992327
1970,Control,1,7.534500989010249
1971,Control,1,7.370602588053834
1972,Control,1,-3.6308912506907696
1973,Control,1,30.42092292216438
1974,Control,1,11.5157880466541
1975,Control,1,21.952746808354618
1976,Control,1,27.24793058191916
1977,Control,1,16.02353824560162
1978,Control,1,21.40639814378119
1979,Control,1,11.731598846068069
1980,Control,1,11.34868443438289
1981,Control,1,14.036229075795433
1982,Control,1,18.915706524948178
1983,Control,1,19.62201676847724
1984,Control,1,-0.13160620507433762
1985,Control,1,27.502266304748478
1986,Control,1,25.595380875938652
1987,Control,1,13.813141938115356
1988,Control,1,26.67914323512949
1989,Control,1,4.024775983248592
1990,Control,1,14.931487439252356
1991,Control,1,21.265832172817415
1992,Control,1,27.651326279538623
1993,Control,1,17.823660991727262
1994,Control,1,7.660750265041953
1995,Control,1,5.7785888144289075
1996,Control,1,5.755828151016564
1997,Control,1,14.101982160203638
1998,Control,1,2.7289577437497083
1999,Control,1,21.074742704248916
2000,Control,1,9.205851119239618
2001,Control,1,5.996936827639942
2002,Control,1,14.497188718630394
2003,Control,1,9.716307403039444
2004,Control,1,19.424126780409072
2005,Control,1,7.748238841239633
2006,Control,1,10.966025437946264
2007,Control,1,7.138750325597137
2008,Control,1,2.719800058471634
2009,Control,1,26.697833171104183
2010,Control,1,7.123814259303351
2011,Control,1,23.880671552153764
2012,Control,1,-1.3858460666147678
2013,Control,1,7.001512254347704
2014,Control,1,17.469052735698934
2015,Control,1,14.536031294994356
2016,Control,1,18.607449810268506
2017,Control,1,10.733719543910713
2018,Control,1,15.856883526266323
2019,Control,1,10.18811899786903
2020,Control,1,23.089193601503148
2021,Control,1,-1.0266357517842586
2022,Control,1,9.504351776533815
2023,Control,1,24.436438643012995
1950,Treatment 1,1,20.508276054415695
1951,Treatment 1,1,22.706317647721285
1952,Treatment 1,1,19.94900674711648
1953,Treatment 1,1,7.592662422085346
1954,Treatment 1,1,16.421997056643004
1955,Treatment 1,1,9.022896104418454
1956,Treatment 1,1,8.16258437494482
1957,Treatment 1,1,11.655718952327742
1958,Treatment 1,1,25.84195420051745
1959,Treatment 1,1,5.379427656052492
1960,Treatment 1,1,15.095976408001599
1961,Treatment 1,1,18.43988690881842
1962,Treatment 1,1,15.278447993253234
1963,Treatment 1,1,14.76424983654837
1964,Treatment 1,1,11.583670567530113
1965,Treatment 1,1,23.151919023662384
1966,Treatment 1,1,15.650417032439181
1967,Treatment 1,1,17.567418009072277
1968,Treatment 1,1,10.844978459957478
1969,Treatment 1,1,15.382638726183265
1970,Treatment 1,1,30.154034439206143
1971,Treatment 1,1,24.05559221251619
1972,Treatment 1,1,16.388675746903743
1973,Treatment 1,1,18.790531399818725
1974,Treatment 1,1,8.040978236593062
1975,Treatment 1,1,16.26621418761912
1976,Treatment 1,1,22.621223677274337
1977,Treatment 1,1,12.834120977604535
1978,Treatment 1,1,17.034779660383435
1979,Treatment 1,1,12.368710005586905
1980,Treatment 1,1,16.423910232936016
1981,Treatment 1,1,29.23353430139786
1982,Treatment 1,1,7.888675076797368
1983,Treatment 1,1,8.87436039882428
1984,Treatment 1,1,2.859171328283507
1985,Treatment 1,1,14.74127992141439
1986,Treatment 1,1,0.684813207115182
1987,Treatment 1,1,20.158662746007725
1988,Treatment 1,1,8.274698796689744
1989,Treatment 1,1,29.57010534490099
1990,Treatment 1,1,9.071318699420495
1991,Treatment 1,1,19.07540949482469
1992,Treatment 1,1,10.981399339822744
1993,Treatment 1,1,13.57070400757379
1994,Treatment 1,1,16.799373237188483
1995,Treatment 1,1,28.15313500946701
1996,Treatment 1,1,19.131256366554712
1997,Treatment 1,1,10.364051323694884
1998,Treatment 1,1,14.039558810187248
1999,Treatment 1,1,14.10796268572642
2000,Treatment 1,1,17.32951970235651
2001,Treatment 1,1,18.40551525803607
2002,Treatment 1,1,17.54926825779397
2003,Treatment 1,1,8.871629881438725
2004,Treatment 1,1,2.7835192790564243
2005,Treatment 1,1,23.223976168966246
2006,Treatment 1,1,13.738419072184488
2007,Treatment 1,1,16.27060576184491
2008,Treatment 1,1,6.810170328883775
2009,Treatment 1,1,33.177283100762324
2010,Treatment 1,1,30.299669747781355
2011,Treatment 1,1,22.1070455133503
2012,Treatment 1,1,16.166571219107
2013,Treatment 1,1,7.278910257295572
2014,Treatment 1,1,21.176634277231383
2015,Treatment 1,1,16.239229467377335
2016,Treatment 1,1,23.71081595922824
2017,Treatment 1,1,24.31200005876857
2018,Treatment 1,1,4.91931855292953
2019,Treatment 1,1,21.778988610609797
2020,Treatment 1,1,0.42108499755102713
2021,Treatment 1,1,17.310890476236985
2022,Treatment 1,1,9.604883991232438
2023,Treatment 1,1,7.116887600147899
1950,Treatment 2,1,17.041305061763644
1951,Treatment 2,1,21.752884562328845
1952,Treatment 2,1,18.10019853407608
1953,Treatment 2,1,16.138183859633344
1954,Treatment 2,1,1.0701563628086976
1955,Treatment 2,1,18.290276163518328
1956,Treatment 2,1,4.182334315378814
1957,Treatment 2,1,16.301158196074358
1958,Treatment 2,1,15.18455087213467
1959,Treatment 2,1,23.88761660061001
1960,Treatment 2,1,20.338690271758797
1961,Treatment 2,1,18.738271069796863
1962,Treatment 2,1,15.300601554728772
1963,Treatment 2,1,2.5234281802525587
1964,Treatment 2,1,35.058015407643715
1965,Treatment 2,1,4.174323141751415
1966,Treatment 2,1,12.625900926934115
1967,Treatment 2,1,21.158433495684022
1968,Treatment 2,1,14.24777804912203
1969,Treatment 2,1,20.352072724026193
1970,Treatment 2,1,3.8609306578586082
1971,Treatment 2,1,32.97163920916233
1972,Treatment 2,1,22.104286646789486
1973,Treatment 2,1,19.27650274324192
1974,Treatment 2,1,2.175326781984552
1975,Treatment 2,1,17.356730262963186
1976,Treatment 2,1,-1.4609129423124543
1977,Treatment 2,1,27.506742676999874
1978,Treatment 2,1,31.439370466882252
1979,Treatment 2,1,16.29125230829141
1980,Treatment 2,1,12.343431005340856
1981,Treatment 2,1,10.15579896660607
1982,Treatment 2,1,19.163101824926017
1983,Treatment 2,1,8.81927138913982
1984,Treatment 2,1,14.391851226036447
1985,Treatment 2,1,2.135534615004726
1986,Treatment 2,1,23.57124897227667
1987,Treatment 2,1,7.192558933512368
1988,Treatment 2,1,0.5935506339468155
1989,Treatment 2,1,13.20624951748477
1990,Treatment 2,1,15.552446091008635
1991,Treatment 2,1,29.755912003077682
1992,Treatment 2,1,18.791470930860452
1993,Treatment 2,1,31.1122157081065
1994,Treatment 2,1,5.54918006388778
1995,Treatment 2,1,-2.733541528319698
1996,Treatment 2,1,12.40587140769825
1997,Treatment 2,1,11.170516114746425
1998,Treatment 2,1,16.633195101330656
1999,Treatment 2,1,18.697201091269243
2000,Treatment 2,1,17.287767216725435
2001,Treatment 2,1,24.479616080803787
2002,Treatment 2,1,13.532252193061693
2003,Treatment 2,1,18.705936569735513
2004,Treatment 2,1,31.29183086314755
2005,Treatment 2,1,7.874645232386701
2006,Treatment 2,1,23.354792255774463
2007,Treatment 2,1,28.37154747412571
2008,Treatment 2,1,10.871494174658135
2009,Treatment 2,1,9.588830130761558
2010,Treatment 2,1,6.4754533838238455
2011,Treatment 2,1,15.287166125433762
2012,Treatment 2,1,21.771641931004673
2013,Treatment 2,1,8.10079987671948
2014,Treatment 2,1,11.602332691467872
2015,Treatment 2,1,14.908358968847084
2016,Treatment 2,1,13.600333012877506
2017,Treatment 2,1,25.249535882147093
2018,Treatment 2,1,6.784068328408178
2019,Treatment 2,1,22.08541194180673
2020,Treatment 2,1,10.511758856948038
2021,Treatment 2,1,14.58587975193844
2022,Treatment 2,1,20.2152314043914
2023,Treatment 2,1,-0.5862630613198849
1950,Control,2,-0.3045414389122918
1951,Control,2,2.5029952159711275
1952,Control,2,21.539431724165325
1953,Control,2,14.047487113691744
1954,Control,2,5.325985527185628
1955,Control,2,23.7202911083681
1956,Control,2,18.587697125424178
1957,Control,2,36.44240182838152
1958,Control,2,14.840224035463981
1959,Control,2,23.01204948407523
1960,Control,2,25.59985498420071
1961,Control,2,4.669737200705605
1962,Control,2,5.44292390969334
1963,Control,2,7.027623434193194
1964,Control,2,15.151217683717363
1965,Control,2,9.917126559995072
1966,Control,2,-12.725103924703124
1967,Control,2,19.288773556313604
1968,Control,2,16.069413311734245
1969,Control,2,14.617150341069932
1970,Control,2,15.516576956431935
1971,Control,2,18.011837766235917
1972,Control,2,16.250046237493784
1973,Control,2,28.067457168829524
1974,Control,2,14.04825697517716
1975,Control,2,20.376275373136153
1976,Control,2,30.441372116979707
1977,Control,2,23.82602993462791
1978,Control,2,12.075126978235247
1979,Control,2,17.717594617464435
1980,Control,2,0.5335731826701338
1981,Control,2,19.886354343744777
1982,Control,2,19.810944731535496
1983,Control,2,5.794605744888278
1984,Control,2,-0.5340027733340449
1985,Control,2,8.513572475246058
1986,Control,2,7.484878180174424
1987,Control,2,-5.61727378167339
1988,Control,2,14.245408487346335
1989,Control,2,22.641065806837776
1990,Control,2,17.027580536828896
1991,Control,2,12.701171257406791
1992,Control,2,3.833561125562058
1993,Control,2,24.744915222319143
1994,Control,2,25.951516294270974
1995,Control,2,0.2662579489947987
1996,Control,2,28.28365508779875
1997,Control,2,-1.8932899423960592
1998,Control,2,7.858263002924441
1999,Control,2,13.851436943205371
2000,Control,2,11.957458234133963
2001,Control,2,13.022749779409649
2002,Control,2,31.914075646892464
2003,Control,2,18.591739953460223
2004,Control,2,24.144044853684
2005,Control,2,9.208394825296025
2006,Control,2,14.50142013107225
2007,Control,2,22.305071960527947
2008,Control,2,13.652418528170516
2009,Control,2,14.76465296622459
2010,Control,2,23.412121022005223
2011,Control,2,9.979165264921349
2012,Control,2,33.46911384055278
2013,Control,2,22.774497686050353
2014,Control,2,26.695869500216187
2015,Control,2,8.405924425300945
2016,Control,2,5.06482078628863
2017,Control,2,15.212727433576335
2018,Control,2,6.505961778963014
2019,Control,2,15.156878332248292
2020,Control,2,22.309823646065695
2021,Control,2,11.222559372661795
2022,Control,2,7.782111669381108
2023,Control,2,23.379274169280865
1950,Treatment 1,2,29.81551869822289
1951,Treatment 1,2,2.7373002936223276
1952,Treatment 1,2,17.07021440230399
1953,Treatment 1,2,10.74856374270847
1954,Treatment 1,2,25.21496454123166
1955,Treatment 1,2,25.635313330292696
1956,Treatment 1,2,18.386766223325846
1957,Treatment 1,2,17.013802623108614
1958,Treatment 1,2,-1.097369597468763
1959,Treatment 1,2,36.727205331305605
1960,Treatment 1,2,33.617673149430374
1961,Treatment 1,2,1.2679620737487554
1962,Treatment 1,2,19.047951132386927
1963,Treatment 1,2,18.335597657498184
1964,Treatment 1,2,19.38178582285868
1965,Treatment 1,2,17.23723401499603
1966,Treatment 1,2,20.419202857354033
1967,Treatment 1,2,17.65664665632197
1968,Treatment 1,2,7.6985298430683295
1969,Treatment 1,2,34.128459798743265
1970,Treatment 1,2,-0.18758610431479994
1971,Treatment 1,2,7.360249470374895
1972,Treatment 1,2,16.20931406524314
1973,Treatment 1,2,19.372516964699493
1974,Treatment 1,2,22.05746036902342
1975,Treatment 1,2,21.696739637716313
1976,Treatment 1,2,28.514485771821306
1977,Treatment 1,2,16.965686684789695
1978,Treatment 1,2,12.270177044448115
1979,Treatment 1,2,6.404012099468224
1980,Treatment 1,2,19.647319308260368
1981,Treatment 1,2,11.406801470291782
1982,Treatment 1,2,10.307663202348957
1983,Treatment 1,2,7.3879821770593574
1984,Treatment 1,2,15.697025576825009
1985,Treatment 1,2,29.100595964939664
1986,Treatment 1,2,5.113861679320824
1987,Treatment 1,2,1.9929128840014432
1988,Treatment 1,2,11.720930543667512
1989,Treatment 1,2,20.86739302515072
1990,Treatment 1,2,11.79801170015818
1991,Treatment 1,2,17.902222137551185
1992,Treatment 1,2,16.482291047873453
1993,Treatment 1,2,12.309465173288956
1994,Treatment 1,2,7.315980408003829
1995,Treatment 1,2,24.87923917950883
1996,Treatment 1,2,20.008792331310048
1997,Treatment 1,2,23.487066229708248
1998,Treatment 1,2,2.667721424068418
1999,Treatment 1,2,23.501485434863753
2000,Treatment 1,2,-1.0424120608099265
2001,Treatment 1,2,12.572136217372758
2002,Treatment 1,2,17.638220093961543
2003,Treatment 1,2,3.9084129852089227
2004,Treatment 1,2,9.039951214989593
2005,Treatment 1,2,17.112352864081267
2006,Treatment 1,2,30.897960504859018
2007,Treatment 1,2,26.699719410050395
2008,Treatment 1,2,18.10979810341648
2009,Treatment 1,2,3.1904130715776127
2010,Treatment 1,2,19.175156441129026
2011,Treatment 1,2,16.507915468807237
2012,Treatment 1,2,15.855515228897842
2013,Treatment 1,2,6.50568609724011
2014,Treatment 1,2,18.65250340196732
2015,Treatment 1,2,13.220318850449443
2016,Treatment 1,2,12.840445899339258
2017,Treatment 1,2,10.291225975269054
2018,Treatment 1,2,16.468269579662152
2019,Treatment 1,2,15.02995073904097
2020,Treatment 1,2,29.12605420169937
2021,Treatment 1,2,4.5964472795157825
2022,Treatment 1,2,27.33194666860517
2023,Treatment 1,2,16.42120955298468
1950,Treatment 2,2,15.077159744669082
1951,Treatment 2,2,14.416393992266917
1952,Treatment 2,2,17.950707241146073
1953,Treatment 2,2,18.300122008804593
1954,Treatment 2,2,10.594995123176114
1955,Treatment 2,2,34.333533012920014
1956,Treatment 2,2,14.939901527959831
1957,Treatment 2,2,10.804374732651645
1958,Treatment 2,2,30.832590991628596
1959,Treatment 2,2,9.314226571959853
1960,Treatment 2,2,7.505350498154165
1961,Treatment 2,2,22.77568509274232
1962,Treatment 2,2,15.0805815013123
1963,Treatment 2,2,15.493798927546365
1964,Treatment 2,2,9.1256630625743
1965,Treatment 2,2,14.096317344550034
1966,Treatment 2,2,20.688773420671847
1967,Treatment 2,2,7.697566893054618
1968,Treatment 2,2,20.586453957000906
1969,Treatment 2,2,4.6803273982596085
1970,Treatment 2,2,16.067115599080253
1971,Treatment 2,2,10.778603067330042
1972,Treatment 2,2,23.132168957638733
1973,Treatment 2,2,11.077951070916132
1974,Treatment 2,2,36.350996595375264
1975,Treatment 2,2,25.033760070653905
1976,Treatment 2,2,16.973697032448765
1977,Treatment 2,2,12.84333856889746
1978,Treatment 2,2,11.718263339646455
1979,Treatment 2,2,23.96999784884634
1980,Treatment 2,2,10.176397464659576
1981,Treatment 2,2,3.4977388609941524
1982,Treatment 2,2,12.344699486545522
1983,Treatment 2,2,14.612529363867644
1984,Treatment 2,2,14.60723829203034
1985,Treatment 2,2,15.256417500082676
1986,Treatment 2,2,18.724223199657597
1987,Treatment 2,2,8.007446084570205
1988,Treatment 2,2,12.501524135319162
1989,Treatment 2,2,9.698924080552441
1990,Treatment 2,2,17.86792635493757
1991,Treatment 2,2,31.837816993859754
1992,Treatment 2,2,0.8487915575198333
1993,Treatment 2,2,20.33169033240676
1994,Treatment 2,2,31.250010309835773
1995,Treatment 2,2,16.61486340990158
1996,Treatment 2,2,18.635402023037212
1997,Treatment 2,2,23.508370807342068
1998,Treatment 2,2,17.67886361907933
1999,Treatment 2,2,28.554492611793105
2000,Treatment 2,2,22.30009494467678
2001,Treatment 2,2,10.69203988340642
2002,Treatment 2,2,2.8457755185330953
2003,Treatment 2,2,17.88867742418381
2004,Treatment 2,2,20.929530684381625
2005,Treatment 2,2,9.714978219068781
2006,Treatment 2,2,6.2030878870754425
2007,Treatment 2,2,7.941728483458476
2008,Treatment 2,2,10.549425519913894
2009,Treatment 2,2,11.870004052846213
2010,Treatment 2,2,20.281739099266147
2011,Treatment 2,2,22.380792088193964
2012,Treatment 2,2,21.01538113784525
2013,Treatment 2,2,16.047981612719564
2014,Treatment 2,2,10.293710570894627
2015,Treatment 2,2,16.982217355960124
2016,Treatment 2,2,1.0373268666988782
2017,Treatment 2,2,18.176284605382115
2018,Treatment 2,2,13.726066315644964
2019,Treatment 2,2,23.089185721894623
2020,Treatment 2,2,13.092759267431209
2021,Treatment 2,2,10.810835385152126
2022,Treatment 2,2,7.006791063485734
2023,Treatment 2,2,22.627664309207674
1950,Control,3,13.395992839280469
1951,Control,3,7.471159987738331
1952,Control,3,14.184540293298666
1953,Control,3,2.7378685752562966
1954,Control,3,25.162764145940017
1955,Control,3,12.710762154253857
1956,Control,3,19.907487755435085
1957,Control,3,22.08474214979148
1958,Control,3,15.012309579591673
1959,Control,3,28.481753443009815
1960,Control,3,9.900207959090686
1961,Control,3,23.08950168166338
1962,Control,3,14.25060882304475
1963,Control,3,33.73037584906332
1964,Control,3,17.845588740534367
1965,Control,3,0.26397877035488726
1966,Control,3,7.668899411884032
1967,Control,3,25.484315067169057
1968,Control,3,34.85224931348155
1969,Control,3,15.624741069673068
1970,Control,3,30.248967718467448
1971,Control,3,11.245998441286034
1972,Control,3,27.65388409983352
1973,Control,3,14.10552290654772
1974,Control,3,7.986528894576963
1975,Control,3,-1.3502431633772858
1976,Control,3,16.28220877820659
1977,Control,3,13.396357067679181
1978,Control,3,17.875955564513852
1979,Control,3,9.639054772056754
1980,Control,3,16.654916012709123
1981,Control,3,-0.0518313130921122
1982,Control,3,16.839211634324975
1983,Control,3,10.504254512959854
1984,Control,3,7.547705490840452
1985,Control,3,8.788423039180492
1986,Control,3,9.284767626888264
1987,Control,3,8.547834260180835
1988,Control,3,3.3459191907112107
1989,Control,3,22.24858974848901
1990,Control,3,19.408762241757856
1991,Control,3,19.372912620787307
1992,Control,3,30.273229241354425
1993,Control,3,21.866147271570107
1994,Control,3,20.788714706932964
1995,Control,3,5.3417201028388686
1996,Control,3,5.587260502672336
1997,Control,3,18.623424347043088
1998,Control,3,19.873168453578984
1999,Control,3,24.01778782349785
2000,Control,3,9.27607647051294
2001,Control,3,-3.1820434911453397
2002,Control,3,13.351067924078547
2003,Control,3,28.95357921788849
2004,Control,3,-4.984005431884263
2005,Control,3,27.80456487207996
2006,Control,3,22.262813794707977
2007,Control,3,32.06391590617005
2008,Control,3,15.593338661575146
2009,Control,3,14.784658022673026
2010,Control,3,26.14788842577679
2011,Control,3,10.280351928275273
2012,Control,3,15.796057399197672
2013,Control,3,17.214203920196816
2014,Control,3,11.74918013105076
2015,Control,3,9.984804066354451
2016,Control,3,21.927930612227577
2017,Control,3,27.544588112563968
2018,Control,3,13.418156320615008
2019,Control,3,19.855050768004084
2020,Control,3,12.18523768105324
2021,Control,3,9.39149930946121
2022,Control,3,19.74411099573711
2023,Control,3,10.540197275157125
1950,Treatment 1,3,7.792606374059055
1951,Treatment 1,3,23.085462824180265
1952,Treatment 1,3,25.923487914279335
1953,Treatment 1,3,15.630488823515437
1954,Treatment 1,3,25.119002543447174
1955,Treatment 1,3,5.613309657896389
1956,Treatment 1,3,28.129244053875652
1957,Treatment 1,3,3.3386740088719478
1958,Treatment 1,3,10.77405187066855
1959,Treatment 1,3,11.001916348790905
1960,Treatment 1,3,13.433416053689015
1961,Treatment 1,3,22.018694691705157
1962,Treatment 1,3,11.895987461772378
1963,Treatment 1,3,24.924435776813844
1964,Treatment 1,3,5.049558724573199
1965,Treatment 1,3,7.694143950241292
1966,Treatment 1,3,2.861833317241203
1967,Treatment 1,3,11.529751402132607
1968,Treatment 1,3,13.030255110739946
1969,Treatment 1,3,18.030395131792258
1970,Treatment 1,3,10.548528207639873
1971,Treatment 1,3,7.889071190161804
1972,Treatment 1,3,2.964522886600978
1973,Treatment 1,3,9.407738015501359
1974,Treatment 1,3,23.440986800297306
1975,Treatment 1,3,14.086747138120135
1976,Treatment 1,3,7.1537094985338445
1977,Treatment 1,3,10.604833416305876
1978,Treatment 1,3,19.947140819943623
1979,Treatment 1,3,14.599886329517247
1980,Treatment 1,3,-1.4226417934633702
1981,Treatment 1,3,5.514989993603885
1982,Treatment 1,3,13.788619509809736
1983,Treatment 1,3,17.533632398856795
1984,Treatment 1,3,2.5451671792541752
1985,Treatment 1,3,22.723297750836966
1986,Treatment 1,3,11.411418223964727
1987,Treatment 1,3,13.623064749066444
1988,Treatment 1,3,2.0294147898422086
1989,Treatment 1,3,22.8540133452289
1990,Treatment 1,3,23.073198385140266
1991,Treatment 1,3,10.842597419840217
1992,Treatment 1,3,9.594812038467445
1993,Treatment 1,3,7.551383396478334
1994,Treatment 1,3,30.104548019364664
1995,Treatment 1,3,1.6104628588510987
1996,Treatment 1,3,9.338361591734365
1997,Treatment 1,3,5.099686526590453
1998,Treatment 1,3,-3.178047418699858
1999,Treatment 1,3,10.97676087028454
2000,Treatment 1,3,6.564924365357035
2001,Treatment 1,3,2.4261478086755695
2002,Treatment 1,3,14.08917364978257
2003,Treatment 1,3,16.36334907421026
2004,Treatment 1,3,8.684888451321203
2005,Treatment 1,3,11.902104233103177
2006,Treatment 1,3,10.572144378186685
2007,Treatment 1,3,12.59639537275871
2008,Treatment 1,3,11.84123714224849
2009,Treatment 1,3,20.500297986708183
2010,Treatment 1,3,32.4043872557983
2011,Treatment 1,3,26.078520803820982
2012,Treatment 1,3,16.400952637012278
2013,Treatment 1,3,21.367243075002808
2014,Treatment 1,3,16.44485020797858
2015,Treatment 1,3,4.206306918580676
2016,Treatment 1,3,14.402261200593305
2017,Treatment 1,3,7.3566203992982615
2018,Treatment 1,3,1.3781013391536003
2019,Treatment 1,3,32.077342450442956
2020,Treatment 1,3,26.544669338553526
2021,Treatment 1,3,22.085184224063887
2022,Treatment 1,3,9.08957941260213
2023,Treatment 1,3,6.182666845296488
1950,Treatment 2,3,7.65370943390302
1951,Treatment 2,3,19.229077817171238
1952,Treatment 2,3,15.716472443715103
1953,Treatment 2,3,34.89684912401211
1954,Treatment 2,3,19.794537884417124
1955,Treatment 2,3,10.946114464887934
1956,Treatment 2,3,17.012157774158638
1957,Treatment 2,3,23.253035436603273
1958,Treatment 2,3,17.534234095210458
1959,Treatment 2,3,20.299571853875708
1960,Treatment 2,3,13.100225750697321
1961,Treatment 2,3,7.722221923733245
1962,Treatment 2,3,17.191187080496796
1963,Treatment 2,3,12.292510295116115
1964,Treatment 2,3,5.663091932569099
1965,Treatment 2,3,10.136534266279519
1966,Treatment 2,3,14.031306226361705
1967,Treatment 2,3,15.314545839233958
1968,Treatment 2,3,13.568944160473283
1969,Treatment 2,3,9.94886071025504
1970,Treatment 2,3,17.656155887720377
1971,Treatment 2,3,10.191170038731743
1972,Treatment 2,3,1.6113219775710501
1973,Treatment 2,3,25.44098907924402
1974,Treatment 2,3,15.928568990106987
1975,Treatment 2,3,6.412927421342509
1976,Treatment 2,3,17.501257672534106
1977,Treatment 2,3,15.20329284747143
1978,Treatment 2,3,18.135381793544123
1979,Treatment 2,3,24.25955037270444
1980,Treatment 2,3,12.373701130518239
1981,Treatment 2,3,2.787133834261489
1982,Treatment 2,3,11.840327995810453
1983,Treatment 2,3,15.726191286320443
1984,Treatment 2,3,12.734096839172123
1985,Treatment 2,3,12.092808684686034
1986,Treatment 2,3,7.313590555134037
1987,Treatment 2,3,3.779963192639146
1988,Treatment 2,3,23.229688808959548
1989,Treatment 2,3,19.750027419835686
1990,Treatment 2,3,23.715464515029907
1991,Treatment 2,3,16.031369261652195
1992,Treatment 2,3,17.525772723355626
1993,Treatment 2,3,18.210153915938122
1994,Treatment 2,3,32.373511435103396
1995,Treatment 2,3,28.963333076221105
1996,Treatment 2,3,19.986595092629386
1997,Treatment 2,3,13.670928575371255
1998,Treatment 2,3,8.402654792554587
1999,Treatment 2,3,4.610263354840361
2000,Treatment 2,3,28.156593289650907
2001,Treatment 2,3,18.24286068317986
2002,Treatment 2,3,11.003770882091317
2003,Treatment 2,3,11.197927795322194
2004,Treatment 2,3,2.915165250198257
2005,Treatment 2,3,2.4122810268649424
2006,Treatment 2,3,-7.265628761183905
2007,Treatment 2,3,18.168019143331314
2008,Treatment 2,3,11.670851827103176
2009,Treatment 2,3,14.029172633713646
2010,Treatment 2,3,15.9417642458019
2011,Treatment 2,3,7.512098112924968
2012,Treatment 2,3,-0.35379453351394474
2013,Treatment 2,3,9.407188570020926
2014,Treatment 2,3,19.201959137919314
2015,Treatment 2,3,15.781733429504682
2016,Treatment 2,3,14.361835771966355
2017,Treatment 2,3,20.655059033211813
2018,Treatment 2,3,17.471466045196646
2019,Treatment 2,3,25.853619059411315
2020,Treatment 2,3,13.1174620452419
2021,Treatment 2,3,22.996260606946123
2022,Treatment 2,3,5.538150276515733
2023,Treatment 2,3,19.889171616027692
1950,Control,4,18.064888645962213
1951,Control,4,17.658177642011747
1952,Control,4,20.570503449721976
1953,Control,4,20.987594571967524
1954,Control,4,24.257860425008936
1955,Control,4,11.824903266067714
1956,Control,4,15.010136882520102
1957,Control,4,13.299608862019564
1958,Control,4,25.49630767964333
1959,Control,4,16.455205797662185
1960,Control,4,9.287791864001235
1961,Control,4,9.24008436264612
1962,Control,4,6.540223249149802
1963,Control,4,4.290894303063778
1964,Control,4,31.990874340789745
1965,Control,4,12.659554379810182
1966,Control,4,10.43718937934064
1967,Control,4,27.2815512391917
1968,Control,4,16.173286954682467
1969,Control,4,22.676918899923297
1970,Control,4,11.011939302673984
1971,Control,4,6.378289002966479
1972,Control,4,-1.7657407912076835
1973,Control,4,22.181328765215916
1974,Control,4,10.836140398719497
1975,Control,4,5.350044449628241
1976,Control,4,18.590360631847858
1977,Control,4,18.952675539851278
1978,Control,4,4.762693588729835
1979,Control,4,5.094262799523182
1980,Control,4,15.91160030241971
1981,Control,4,20.500691639353477
1982,Control,4,16.278053989442643
1983,Control,4,13.172525079923547
1984,Control,4,13.342100432126776
1985,Control,4,26.731068924454924
1986,Control,4,15.161595541423614
1987,Control,4,14.193680232265645
1988,Control,4,9.852792864557731
1989,Control,4,19.984849928028677
1990,Control,4,15.252647400296333
1991,Control,4,11.470359957539575
1992,Control,4,9.15506572728474
1993,Control,4,14.602407788400955
1994,Control,4,15.706506451985902
1995,Control,4,10.97736360190882
1996,Control,4,20.91764684088194
1997,Control,4,7.22675506587182
1998,Control,4,26.08666832103196
1999,Control,4,19.294520424242908
2000,Control,4,16.88836529261853
2001,Control,4,19.431148136739683
2002,Control,4,14.656560036188369
2003,Control,4,18.60003585992466
2004,Control,4,13.992728239079787
2005,Control,4,-4.247092474958961
2006,Control,4,16.65340189253692
2007,Control,4,15.743372480303911
2008,Control,4,20.367332998058185
2009,Control,4,0.12219888295584092
2010,Control,4,17.785023566448693
2011,Control,4,30.54358541435886
2012,Control,4,14.2975594669672
2013,Control,4,12.513664629919345
2014,Control,4,14.71211180815085
2015,Control,4,18.732375526429678
2016,Control,4,4.98705284881663
2017,Control,4,19.65917610976244
2018,Control,4,9.479285736703087
2019,Control,4,12.07659215161436
2020,Control,4,3.833847518561038
2021,Control,4,21.561238384383657
2022,Control,4,9.473630831492894
2023,Control,4,5.33129174585358
1950,Treatment 1,4,26.22527754205685
1951,Treatment 1,4,18.93053189856653
1952,Treatment 1,4,-12.05866015667425
1953,Treatment 1,4,11.684367531368158
1954,Treatment 1,4,19.13154013148931
1955,Treatment 1,4,14.227889602159415
1956,Treatment 1,4,12.462747375638077
1957,Treatment 1,4,19.306036190277574
1958,Treatment 1,4,11.948040588652633
1959,Treatment 1,4,8.393598286353061
1960,Treatment 1,4,28.80022193263276
1961,Treatment 1,4,17.658478018185427
1962,Treatment 1,4,18.073965596517592
1963,Treatment 1,4,22.66343930001311
1964,Treatment 1,4,27.06826700070053
1965,Treatment 1,4,20.11626040794567
1966,Treatment 1,4,18.68267201679708
1967,Treatment 1,4,16.704698137052958
1968,Treatment 1,4,9.488243553735227
1969,Treatment 1,4,26.80564887272138
1970,Treatment 1,4,19.823029859568823
1971,Treatment 1,4,23.861967551979852
1972,Treatment 1,4,15.802824844710694
1973,Treatment 1,4,12.171265106636266
1974,Treatment 1,4,4.1652157248798485
1975,Treatment 1,4,22.13036202256091
1976,Treatment 1,4,25.9898796109037
1977,Treatment 1,4,21.60459049196394
1978,Treatment 1,4,2.6631247789516603
1979,Treatment 1,4,1.578263556752006
1980,Treatment 1,4,17.547963144566978
1981,Treatment 1,4,4.941253109432488
1982,Treatment 1,4,4.87984936003874
1983,Treatment 1,4,9.723891772214099
1984,Treatment 1,4,10.636063385820778
1985,Treatment 1,4,16.070099203144583
1986,Treatment 1,4,35.89659167097914
1987,Treatment 1,4,11.758186712610877
1988,Treatment 1,4,15.234039680728248
1989,Treatment 1,4,8.81957846690953
1990,Treatment 1,4,16.464902719196413
1991,Treatment 1,4,9.356403525096876
1992,Treatment 1,4,30.170336609069153
1993,Treatment 1,4,22.932633344859212
1994,Treatment 1,4,15.485891634691244
1995,Treatment 1,4,5.677658140397918
1996,Treatment 1,4,22.291937703948427
1997,Treatment 1,4,19.52120776272261
1998,Treatment 1,4,10.292115653457824
1999,Treatment 1,4,6.533843932822508
2000,Treatment 1,4,31.334439529807934
2001,Treatment 1,4,12.671308565121118
2002,Treatment 1,4,10.940719698332263
2003,Treatment 1,4,13.06814523810632
2004,Treatment 1,4,4.784449407018496
2005,Treatment 1,4,14.436306790450786
2006,Treatment 1,4,11.821135758579787
2007,Treatment 1,4,5.693881428562975
2008,Treatment 1,4,20.44862657901585
2009,Treatment 1,4,5.8304830070113915
2010,Treatment 1,4,24.895385745274673
2011,Treatment 1,4,9.957006719868566
2012,Treatment 1,4,15.611891465892715
2013,Treatment 1,4,38.97464963915557
2014,Treatment 1,4,11.285837898391142
2015,Treatment 1,4,25.049702958740482
2016,Treatment 1,4,20.825170416393583
2017,Treatment 1,4,12.677750569831963
2018,Treatment 1,4,7.622831824075162
2019,Treatment 1,4,30.31273882517677
2020,Treatment 1,4,11.493271041914126
2021,Treatment 1,4,18.627344214314746
2022,Treatment 1,4,18.185591610220364
2023,Treatment 1,4,20.454907568927545
1950,Treatment 2,4,-0.6073896863977719
1951,Treatment 2,4,15.514553066496031
1952,Treatment 2,4,6.701743939188024
1953,Treatment 2,4,9.460109222815305
1954,Treatment 2,4,22.387482677726712
1955,Treatment 2,4,12.008558047402726
1956,Treatment 2,4,13.71811674584656
1957,Treatment 2,4,24.426349739934697
1958,Treatment 2,4,15.183931095322523
1959,Treatment 2,4,7.659620713239601
1960,Treatment 2,4,16.099773547664626
1961,Treatment 2,4,6.824814486958957
1962,Treatment 2,4,18.901209077675475
1963,Treatment 2,4,26.804367094615017
1964,Treatment 2,4,10.336372602433492
1965,Treatment 2,4,8.977872686756811
1966,Treatment 2,4,20.74181195052552
1967,Treatment 2,4,11.076422264855115
1968,Treatment 2,4,31.762541969510124
1969,Treatment 2,4,20.50577817836279
1970,Treatment 2,4,10.633197337356023
1971,Treatment 2,4,0.9340152421174519
1972,Treatment 2,4,15.0069084409181
1973,Treatment 2,4,17.599545899329108
1974,Treatment 2,4,17.489157188039453
1975,Treatment 2,4,16.803289850315437
1976,Treatment 2,4,15.134531202442579
1977,Treatment 2,4,20.974800331501974
1978,Treatment 2,4,10.219988647332432
1979,Treatment 2,4,17.05366745231268
1980,Treatment 2,4,19.91924645045708
1981,Treatment 2,4,4.929567135635127
1982,Treatment 2,4,7.08157373337783
1983,Treatment 2,4,13.670529393743115
1984,Treatment 2,4,22.674028735835172
1985,Treatment 2,4,13.441715763959149
1986,Treatment 2,4,14.79476629980373
1987,Treatment 2,4,25.672925231411146
1988,Treatment 2,4,13.108849179005958
1989,Treatment 2,4,31.162199209477468
1990,Treatment 2,4,20.022973508491432
1991,Treatment 2,4,8.600332885142535
1992,Treatment 2,4,9.208657118375438
1993,Treatment 2,4,33.292202941944794
1994,Treatment 2,4,23.79187761480334
1995,Treatment 2,4,15.489345091187397
1996,Treatment 2,4,23.336669953499097
1997,Treatment 2,4,18.26015845671659
1998,Treatment 2,4,7.034449103156325
1999,Treatment 2,4,20.72715631625611
2000,Treatment 2,4,6.765193494010733
2001,Treatment 2,4,13.780900294488472
2002,Treatment 2,4,7.848487101890532
2003,Treatment 2,4,-13.720991125567846
2004,Treatment 2,4,8.692337868129512
2005,Treatment 2,4,23.031518211215193
2006,Treatment 2,4,12.034723250937486
2007,Treatment 2,4,20.366401933563118
2008,Treatment 2,4,-0.7196025507442076
2009,Treatment 2,4,9.704921631382271
2010,Treatment 2,4,17.833188952725195
2011,Treatment 2,4,14.424962364619471
2012,Treatment 2,4,14.51256106562042
2013,Treatment 2,4,22.65287819935806
2014,Treatment 2,4,21.204203199569836
2015,Treatment 2,4,26.389964368831897
2016,Treatment 2,4,1.4841373160147953
2017,Treatment 2,4,13.665141541767971
2018,Treatment 2,4,8.351044955299535
2019,Treatment 2,4,15.428450714005583
2020,Treatment 2,4,5.0928919071116585
2021,Treatment 2,4,27.00143395134323
2022,Treatment 2,4,2.6588923933695447
2023,Treatment 2,4,13.324562831694701
1950,Control,5,9.09119051367383
1951,Control,5,9.679583968871022
1952,Control,5,28.6791488991174
1953,Control,5,4.312411569269239
1954,Control,5,6.888644032453351
1955,Control,5,9.51622881403275
1956,Control,5,19.04598212598126
1957,Control,5,12.066622686662853
1958,Control,5,15.793390438350846
1959,Control,5,8.79778623403752
1960,Control,5,21.818642325061834
1961,Control,5,26.26125667932767
1962,Control,5,17.74103493287576
1963,Control,5,8.008957150491735
1964,Control,5,13.417075286769288
1965,Control,5,23.100307359862448
1966,Control,5,11.381628144077167
1967,Control,5,19.724394600717204
1968,Control,5,23.107125894315125
1969,Control,5,7.0069403678906514
1970,Control,5,21.16503898817747
1971,Control,5,32.99024400546256
1972,Control,5,20.386379844633463
1973,Control,5,11.382703131681051
1974,Control,5,13.226516846574278
1975,Control,5,17.103964174350292
1976,Control,5,11.317862006220075
1977,Control,5,23.979315165205527
1978,Control,5,19.176898001112384
1979,Control,5,2.7313460067065822
1980,Control,5,13.683500756854855
1981,Control,5,15.243139780510116
1982,Control,5,18.47974484719878
1983,Control,5,13.988235420460194
1984,Control,5,10.85087984647986
1985,Control,5,16.554427040650555
1986,Control,5,14.941766357119661
1987,Control,5,21.68538587939851
1988,Control,5,5.835479735438264
1989,Control,5,14.070320889662138
1990,Control,5,23.902872143155452
1991,Control,5,13.339560285575617
1992,Control,5,18.33879815845943
1993,Control,5,15.757045956807017
1994,Control,5,20.986649397034753
1995,Control,5,17.750659970274363
1996,Control,5,27.798446585047785
1997,Control,5,23.212946196799372
1998,Control,5,8.438665600780942
1999,Control,5,0.7053706231318486
2000,Control,5,22.110356819087578
2001,Control,5,28.344976983184473
2002,Control,5,29.538403717159994
2003,Control,5,17.580016296864425
2004,Control,5,26.735349630813126
2005,Control,5,25.583248946278037
2006,Control,5,9.152636936333323
2007,Control,5,6.883334928793465
2008,Control,5,8.26145593097239
2009,Control,5,14.477688339786752
2010,Control,5,8.219075015710631
2011,Control,5,8.23481950393548
2012,Control,5,11.559533466664952
2013,Control,5,3.1355630873150524
2014,Control,5,13.944023662816852
2015,Control,5,17.772351931096825
2016,Control,5,11.671256905315367
2017,Control,5,33.12826084177388
2018,Control,5,19.601408563841122
2019,Control,5,16.678222612233647
2020,Control,5,27.808643397693842
2021,Control,5,11.541246910238117
2022,Control,5,17.107656711227566
2023,Control,5,20.61004788906271
1950,Treatment 1,5,6.6241735328407465
1951,Treatment 1,5,12.587359324561357
1952,Treatment 1,5,19.670323847448856
1953,Treatment 1,5,-1.0859783878753362
1954,Treatment 1,5,2.8437404835002518
1955,Treatment 1,5,21.450256060953386
1956,Treatment 1,5,28.682677755312994
1957,Treatment 1,5,10.305386559712781
1958,Treatment 1,5,18.915545566491986
1959,Treatment 1,5,19.722236715866675
1960,Treatment 1,5,10.81852592430408
1961,Treatment 1,5,-2.658204333198242
1962,Treatment 1,5,21.82271419649446
1963,Treatment 1,5,9.962255489575124
1964,Treatment 1,5,16.25511491871009
1965,Treatment 1,5,20.43956716661869
1966,Treatment 1,5,14.18157565049323
1967,Treatment 1,5,15.047905337117273
1968,Treatment 1,5,24.9995471638115
1969,Treatment 1,5,15.034996273783046
1970,Treatment 1,5,13.735405135323482
1971,Treatment 1,5,17.604058790822528
1972,Treatment 1,5,18.786213286262207
1973,Treatment 1,5,11.846993677139174
1974,Treatment 1,5,5.132752753795055
1975,Treatment 1,5,12.674953494038782
1976,Treatment 1,5,15.455548127885454
1977,Treatment 1,5,17.033270286615608
1978,Treatment 1,5,10.793132916156361
1979,Treatment 1,5,24.14524346363304
1980,Treatment 1,5,20.00677778868883
1981,Treatment 1,5,16.200235232617718
1982,Treatment 1,5,19.316913862540826
1983,Treatment 1,5,23.670871233090075
1984,Treatment 1,5,14.3116988086097
1985,Treatment 1,5,1.5738191887089616
1986,Treatment 1,5,16.41379994849601
1987,Treatment 1,5,13.57547087721697
1988,Treatment 1,5,13.536005709095662
1989,Treatment 1,5,11.288153223086875
1990,Treatment 1,5,19.73845484036388
1991,Treatment 1,5,22.788547347975047
1992,Treatment 1,5,9.735905758441934
1993,Treatment 1,5,22.088256976295924
1994,Treatment 1,5,16.81374913547103
1995,Treatment 1,5,21.768837445852625
1996,Treatment 1,5,9.705428307777321
1997,Treatment 1,5,18.323004342693498
1998,Treatment 1,5,14.496264962778227
1999,Treatment 1,5,12.641300211410853
2000,Treatment 1,5,21.17197045429368
2001,Treatment 1,5,18.268587398092233
2002,Treatment 1,5,34.62962076550784
2003,Treatment 1,5,14.570531032497883
2004,Treatment 1,5,20.31394133658967
2005,Treatment 1,5,2.4144953817642527
2006,Treatment 1,5,14.660661702259183
2007,Treatment 1,5,18.08301880440697
2008,Treatment 1,5,16.557988491308848
2009,Treatment 1,5,25.622021474028948
2010,Treatment 1,5,21.47263527051303
2011,Treatment 1,5,11.873856672669849
2012,Treatment 1,5,16.923480766188575
2013,Treatment 1,5,5.026852040174017
2014,Treatment 1,5,4.171322633697381
2015,Treatment 1,5,7.946420467865855
2016,Treatment 1,5,12.972556760334466
2017,Treatment 1,5,20.58808880046855
2018,Treatment 1,5,13.14938356112471
2019,Treatment 1,5,10.240487226538196
2020,Treatment 1,5,3.6742170798382805
2021,Treatment 1,5,15.399496306681613
2022,Treatment 1,5,4.378781092477826
2023,Treatment 1,5,15.371254219933517
1950,Treatment 2,5,11.145091051248931
1951,Treatment 2,5,24.368438503871868
1952,Treatment 2,5,14.502647874844303
1953,Treatment 2,5,5.419688273728109
1954,Treatment 2,5,17.499475990484584
1955,Treatment 2,5,12.64354239923755
1956,Treatment 2,5,9.993844213509078
1957,Treatment 2,5,17.32651443664568
1958,Treatment 2,5,26.489734218397764
1959,Treatment 2,5,23.269159434060246
1960,Treatment 2,5,14.614049873327437
1961,Treatment 2,5,6.028834516566883
1962,Treatment 2,5,10.950417509769673
1963,Treatment 2,5,10.911772656594433
1964,Treatment 2,5,-3.101750160446386
1965,Treatment 2,5,14.43160245593407
1966,Treatment 2,5,11.158437570256211
1967,Treatment 2,5,23.01709534721445
1968,Treatment 2,5,26.498299473318582
1969,Treatment 2,5,10.75472657837767
1970,Treatment 2,5,8.668772004053391
1971,Treatment 2,5,8.214841388782176
1972,Treatment 2,5,34.10790028695253
1973,Treatment 2,5,0.043384407301340744
1974,Treatment 2,5,19.014749913061518
1975,Treatment 2,5,19.290716797755397
1976,Treatment 2,5,14.753669131957754
1977,Treatment 2,5,16.255418066728488
1978,Treatment 2,5,14.313325647290633
1979,Treatment 2,5,21.51975895014485
1980,Treatment 2,5,15.51449319309036
1981,Treatment 2,5,24.101407684239106
1982,Treatment 2,5,26.365441893601208
1983,Treatment 2,5,23.21824304356934
1984,Treatment 2,5,23.551302411213687
1985,Treatment 2,5,6.559246981399049
1986,Treatment 2,5,14.792695428042336
1987,Treatment 2,5,28.886894155106997
1988,Treatment 2,5,20.24535955436366
1989,Treatment 2,5,15.562580663201876
1990,Treatment 2,5,18.531129060193255
1991,Treatment 2,5,9.67198385508954
1992,Treatment 2,5,18.329203802432694
1993,Treatment 2,5,8.651150984182436
1994,Treatment 2,5,10.556616887089088
1995,Treatment 2,5,9.32662160293707
1996,Treatment 2,5,0.08239115560586541
1997,Treatment 2,5,19.746116746197178
1998,Treatment 2,5,24.22188863329431
1999,Treatment 2,5,9.393951496299271
2000,Treatment 2,5,8.404678001691336
2001,Treatment 2,5,26.146191767572496
2002,Treatment 2,5,14.010607937242083
2003,Treatment 2,5,25.68261469959321
2004,Treatment 2,5,23.578349875229975
2005,Treatment 2,5,17.493480105513108
2006,Treatment 2,5,12.77736559631986
2007,Treatment 2,5,6.8847832515558824
2008,Treatment 2,5,13.02871353384886
2009,Treatment 2,5,16.91648099974364
2010,Treatment 2,5,9.912901476103645
2011,Treatment 2,5,11.958453926366955
2012,Treatment 2,5,9.695497688267093
2013,Treatment 2,5,21.845790138123455
2014,Treatment 2,5,17.381213822311263
2015,Treatment 2,5,11.513367470715682
2016,Treatment 2,5,-0.5536149595642268
2017,Treatment 2,5,19.170429054812384
2018,Treatment 2,5,5.59201865619082
2019,Treatment 2,5,15.543608199519621
2020,Treatment 2,5,31.939722547966994
2021,Treatment 2,5,3.742895957043464
2022,Treatment 2,5,16.167954100559314
2023,Treatment 2,5,10.420905733426082
1950,Control,6,0.5940439202233616
1951,Control,6,20.219076162986305
1952,Control,6,33.737667803318715
1953,Control,6,20.28270494066201
1954,Control,6,7.9362711678587425
1955,Control,6,14.18992278919996
1956,Control,6,22.007347790664088
1957,Control,6,15.685113005074122
1958,Control,6,19.423312017527003
1959,Control,6,14.302113991327147
1960,Control,6,12.75406829793151
1961,Control,6,9.317566628534372
1962,Control,6,27.122035066239476
1963,Control,6,0.710719370827178
1964,Control,6,29.416730204604015
1965,Control,6,4.919256795737333
1966,Control,6,12.153018647267476
1967,Control,6,22.518166355653584
1968,Control,6,18.018198560535605
1969,Control,6,23.41424456817496
1970,Control,6,18.381352102931405
1971,Control,6,14.532190044705917
1972,Control,6,18.030476533695822
1973,Control,6,17.462587890081213
1974,Control,6,14.509354398670657
1975,Control,6,20.556460245832657
1976,Control,6,1.8001937400395267
1977,Control,6,27.000961991242797
1978,Control,6,6.044380471441404
1979,Control,6,16.186721735541884
1980,Control,6,28.568456547682388
1981,Control,6,10.17266097832211
1982,Control,6,16.652014604396538
1983,Control,6,7.22158394602028
1984,Control,6,10.53930557767895
1985,Control,6,10.911800460224253
1986,Control,6,18.164084521510215
1987,Control,6,7.896609259370177
1988,Control,6,16.873397682856442
1989,Control,6,23.829458464293232
1990,Control,6,8.130924461562618
1991,Control,6,17.257688176751696
1992,Control,6,25.1834623188656
1993,Control,6,24.536457559262274
1994,Control,6,20.794907888013874
1995,Control,6,23.57914323145789
1996,Control,6,14.034615684835101
1997,Control,6,16.54548370636519
1998,Control,6,22.66230578086173
1999,Control,6,4.593252435167489
2000,Control,6,26.71500675865895
2001,Control,6,42.13934614043198
2002,Control,6,7.680722612127785
2003,Control,6,13.531803366581858
2004,Control,6,8.434207243515504
2005,Control,6,17.761794651806536
2006,Control,6,10.179386243962654
2007,Control,6,14.103510869548913
2008,Control,6,7.849506778251855
2009,Control,6,21.135481435181212
2010,Control,6,20.705744969446044
2011,Control,6,27.575372187963037
2012,Control,6,1.3905970492802044
2013,Control,6,16.44356837141663
2014,Control,6,2.420145984498573
2015,Control,6,8.274924212230392
2016,Control,6,18.47123074540096
2017,Control,6,13.341749812850004
2018,Control,6,14.601500829700207
2019,Control,6,7.40322400710737
2020,Control,6,26.913828247947343
2021,Control,6,9.095064759148306
2022,Control,6,7.661060138148781
2023,Control,6,23.533420204682848
1950,Treatment 1,6,15.427039145722972
1951,Treatment 1,6,20.479381867528858
1952,Treatment 1,6,34.3102378434036
1953,Treatment 1,6,18.714012931340616
1954,Treatment 1,6,22.890270967405165
1955,Treatment 1,6,18.092561765303827
1956,Treatment 1,6,16.858281390106416
1957,Treatment 1,6,22.68903702010493
1958,Treatment 1,6,13.282448835862516
1959,Treatment 1,6,11.46113207933314
1960,Treatment 1,6,27.964319858949654
1961,Treatment 1,6,9.452632531891478
1962,Treatment 1,6,18.057307202936364
1963,Treatment 1,6,21.836741877625805
1964,Treatment 1,6,14.932390906853245
1965,Treatment 1,6,13.288826802145927
1966,Treatment 1,6,11.913224324993365
1967,Treatment 1,6,8.530822530116167
1968,Treatment 1,6,20.942015608385816
1969,Treatment 1,6,8.906613309696283
1970,Treatment 1,6,12.360727978917932
1971,Treatment 1,6,2.6466539717930875
1972,Treatment 1,6,15.074031085699884
1973,Treatment 1,6,11.851753332142605
1974,Treatment 1,6,19.567103944285112
1975,Treatment 1,6,21.631831183394528
1976,Treatment 1,6,3.708562918056616
1977,Treatment 1,6,18.097175837616938
1978,Treatment 1,6,21.296722821729304
1979,Treatment 1,6,16.70347279721965
1980,Treatment 1,6,24.033721926010227
1981,Treatment 1,6,20.89668811245631
1982,Treatment 1,6,16.6292456346101
1983,Treatment 1,6,31.529266566149296
1984,Treatment 1,6,12.807987062996613
1985,Treatment 1,6,21.858033231418602
1986,Treatment 1,6,12.321511120519421
1987,Treatment 1,6,23.41278159665521
1988,Treatment 1,6,16.509746538932138
1989,Treatment 1,6,14.123710542311668
1990,Treatment 1,6,15.85444225345009
1991,Treatment 1,6,9.045672046610337
1992,Treatment 1,6,22.455685831049152
1993,Treatment 1,6,20.132983898090828
1994,Treatment 1,6,2.8224689928408626
1995,Treatment 1,6,32.13948818315639
1996,Treatment 1,6,21.5381915963657
1997,Treatment 1,6,14.03279046581013
1998,Treatment 1,6,17.00153245332255
1999,Treatment 1,6,14.335993534456518
2000,Treatment 1,6,29.116488257508017
2001,Treatment 1,6,10.947228584023026
2002,Treatment 1,6,21.66922948425431
2003,Treatment 1,6,8.15003878867779
2004,Treatment 1,6,15.592641844563301
2005,Treatment 1,6,13.492177022433541
2006,Treatment 1,6,26.48198755972092
2007,Treatment 1,6,19.233687443120246
2008,Treatment 1,6,13.8589802987016
2009,Treatment 1,6,16.649020404454337
2010,Treatment 1,6,-1.4218785398347364
2011,Treatment 1,6,9.219157224816186
2012,Treatment 1,6,8.19551959507254
2013,Treatment 1,6,19.68959367320172
2014,Treatment 1,6,19.5281338121684
2015,Treatment 1,6,6.0046447108638095
2016,Treatment 1,6,15.078794952328662
2017,Treatment 1,6,16.407306149069825
2018,Treatment 1,6,17.758929233218073
2019,Treatment 1,6,18.568603244610173
2020,Treatment 1,6,22.01122138209287
2021,Treatment 1,6,23.26040741246632
2022,Treatment 1,6,4.65083603395901
2023,Treatment 1,6,19.21542843978834
1950,Treatment 2,6,2.4028727514176236
1951,Treatment 2,6,15.721416609014403
1952,Treatment 2,6,14.19922575291925
1953,Treatment 2,6,10.19541134910705
1954,Treatment 2,6,9.16551546609113
1955,Treatment 2,6,35.8022027657895
1956,Treatment 2,6,20.046633489157408
1957,Treatment 2,6,11.431358873380285
1958,Treatment 2,6,34.21540099712925
1959,Treatment 2,6,17.921386910785642
1960,Treatment 2,6,19.859602301761523
1961,Treatment 2,6,15.081393685811639
1962,Treatment 2,6,7.836796656512363
1963,Treatment 2,6,18.086878482580822
1964,Treatment 2,6,21.963352846719218
1965,Treatment 2,6,13.621487811046025
1966,Treatment 2,6,7.446678059512042
1967,Treatment 2,6,8.465017287623944
1968,Treatment 2,6,2.166327452236999
1969,Treatment 2,6,15.704922364150192
1970,Treatment 2,6,28.690858804596097
1971,Treatment 2,6,32.13782167125349
1972,Treatment 2,6,4.946362711775011
1973,Treatment 2,6,15.25164813172315
1974,Treatment 2,6,10.099684770358161
1975,Treatment 2,6,12.785374714891164
1976,Treatment 2,6,7.169032916653201
1977,Treatment 2,6,4.3319351812681735
1978,Treatment 2,6,4.651723230377142
1979,Treatment 2,6,7.635938412762755
1980,Treatment 2,6,40.13048575464252
1981,Treatment 2,6,21.27955383820348
1982,Treatment 2,6,5.474681875083709
1983,Treatment 2,6,16.35512465936023
1984,Treatment 2,6,32.96434822480122
1985,Treatment 2,6,13.621285674804886
1986,Treatment 2,6,13.911594331299902
1987,Treatment 2,6,4.856212509286594
1988,Treatment 2,6,33.32674113487387
1989,Treatment 2,6,15.12036411135235
1990,Treatment 2,6,7.160348723106565
1991,Treatment 2,6,18.950202862592825
1992,Treatment 2,6,8.757068692482909
1993,Treatment 2,6,8.408422799642736
1994,Treatment 2,6,20.124481471022058
1995,Treatment 2,6,23.07135457010132
1996,Treatment 2,6,6.872867307071086
1997,Treatment 2,6,7.788605931715564
1998,Treatment 2,6,7.141292519242956
1999,Treatment 2,6,-2.916553988947193
2000,Treatment 2,6,14.62698896724252
2001,Treatment 2,6,26.847160750667243
2002,Treatment 2,6,13.918352228216252
2003,Treatment 2,6,-0.9370693045515299
2004,Treatment 2,6,3.2955861542604907
2005,Treatment 2,6,19.017304273071005
2006,Treatment 2,6,15.653434642092297
2007,Treatment 2,6,27.247061675581108
2008,Treatment 2,6,10.107585758094931
2009,Treatment 2,6,22.52052502513906
2010,Treatment 2,6,13.118491900864427
2011,Treatment 2,6,1.4377975355828703
2012,Treatment 2,6,9.27240239540406
2013,Treatment 2,6,22.73847807054258
2014,Treatment 2,6,15.172051561858439
2015,Treatment 2,6,10.021737100389625
2016,Treatment 2,6,11.14268313660919
2017,Treatment 2,6,10.254203926566593
2018,Treatment 2,6,23.35755558921985
2019,Treatment 2,6,21.492232742381397
2020,Treatment 2,6,5.2338976100827725
2021,Treatment 2,6,17.777173072357407
2022,Treatment 2,6,17.350317792731566
2023,Treatment 2,6,15.033751640405347
1950,Control,7,8.785544342727762
1951,Control,7,13.680126424454123
1952,Control,7,26.105342716054707
1953,Control,7,10.9320682052236
1954,Control,7,2.8831759799196757
1955,Control,7,9.438961675345196
1956,Control,7,8.045712930755933
1957,Control,7,9.856432049640418
1958,Control,7,6.720587580357966
1959,Control,7,8.900428891744609
1960,Control,7,8.054211930794859
1961,Control,7,30.85634594909763
1962,Control,7,27.27062306142266
1963,Control,7,3.9089389898955798
1964,Control,7,9.080463622826557
1965,Control,7,8.579106116693438
1966,Control,7,8.034228748599281
1967,Control,7,11.007699028840829
1968,Control,7,15.509209535622507
1969,Control,7,17.432963242931162
1970,Control,7,6.4429541052309585
1971,Control,7,12.220254660755492
1972,Control,7,10.544611130009937
1973,Control,7,18.22627034799731
1974,Control,7,1.3826727060026691
1975,Control,7,6.029063363084736
1976,Control,7,11.150391529726608
1977,Control,7,22.53363418471238
1978,Control,7,19.268439101980487
1979,Control,7,14.679644348587278
1980,Control,7,3.4636110289572635
1981,Control,7,15.968392826979793
1982,Control,7,19.17751869063435
1983,Control,7,10.3330600484463
1984,Control,7,9.189671883348783
1985,Control,7,10.684140614266031
1986,Control,7,12.112127308257069
1987,Control,7,10.489664184756599
1988,Control,7,13.039181588199975
1989,Control,7,13.549105850642324
1990,Control,7,6.478571225811569
1991,Control,7,21.504814722765104
1992,Control,7,10.687737362832184
1993,Control,7,15.791450578696876
1994,Control,7,18.279968744712328
1995,Control,7,8.767369696285439
1996,Control,7,27.656542539095902
1997,Control,7,17.641364217760824
1998,Control,7,13.964053763917242
1999,Control,7,8.603599000949048
2000,Control,7,18.617417677741713
2001,Control,7,16.31901561085167
2002,Control,7,12.362837591951438
2003,Control,7,12.855706349616934
2004,Control,7,27.477812490153333
2005,Control,7,10.726686244631813
2006,Control,7,20.931311448642187
2007,Control,7,8.14209621616366
2008,Control,7,5.385899373755384
2009,Control,7,33.30894878062314
2010,Control,7,17.478865275597258
2011,Control,7,6.411222056812257
2012,Control,7,26.265760614656955
2013,Control,7,18.900321385438744
2014,Control,7,27.846851999358236
2015,Control,7,7.716644652810418
2016,Control,7,-0.04312459674474134
2017,Control,7,9.670522887394249
2018,Control,7,-8.377406151124514
2019,Control,7,14.077760265860352
2020,Control,7,19.907056605006
2021,Control,7,7.9086095295912955
2022,Control,7,17.488385127225516
2023,Control,7,2.7601269375254542
1950,Treatment 1,7,8.166830804117925
1951,Treatment 1,7,6.788421157968003
1952,Treatment 1,7,24.134875375421938
1953,Treatment 1,7,0.498613294061375
1954,Treatment 1,7,28.546809712967786
1955,Treatment 1,7,12.672340952702635
1956,Treatment 1,7,14.496709186955146
1957,Treatment 1,7,22.790343351295014
1958,Treatment 1,7,18.744703783742203
1959,Treatment 1,7,9.756702779002932
1960,Treatment 1,7,11.33827209488499
1961,Treatment 1,7,7.4225014041152955
1962,Treatment 1,7,13.556702059746637
1963,Treatment 1,7,16.500358558522773
1964,Treatment 1,7,8.835782893654974
1965,Treatment 1,7,18.103760710697617
1966,Treatment 1,7,-4.040005254009401
1967,Treatment 1,7,10.638180491964269
1968,Treatment 1,7,14.965744831662134
1969,Treatment 1,7,10.452773969552691
1970,Treatment 1,7,13.655782064853165
1971,Treatment 1,7,27.007909244667122
1972,Treatment 1,7,21.875596065823796
1973,Treatment 1,7,27.279593218291858
1974,Treatment 1,7,7.776548451775074
1975,Treatment 1,7,19.259530889728374
1976,Treatment 1,7,13.90145759852348
1977,Treatment 1,7,15.93266399637375
1978,Treatment 1,7,14.181483372338414
1979,Treatment 1,7,8.014024799373434
1980,Treatment 1,7,25.713132499893284
1981,Treatment 1,7,15.075741474250597
1982,Treatment 1,7,3.401548045318968
1983,Treatment 1,7,10.773782241312414
1984,Treatment 1,7,11.179837860268119
1985,Treatment 1,7,12.438288618052232
1986,Treatment 1,7,22.236380107413787
1987,Treatment 1,7,9.222139084260043
1988,Treatment 1,7,27.471359464980285
1989,Treatment 1,7,19.616384214900283
1990,Treatment 1,7,19.403463335155926
1991,Treatment 1,7,7.657312151814636
1992,Treatment 1,7,16.267763306937713
1993,Treatment 1,7,17.08360348611557
1994,Treatment 1,7,0.04832973828908216
1995,Treatment 1,7,25.39727045199247
1996,Treatment 1,7,19.73991116351467
1997,Treatment 1,7,33.22460606751186
1998,Treatment 1,7,28.17141282140504
1999,Treatment 1,7,18.881535235330364
2000,Treatment 1,7,22.864253980607682
2001,Treatment 1,7,23.34955423955882
2002,Treatment 1,7,14.763021336456676
2003,Treatment 1,7,8.251759165033832
2004,Treatment 1,7,3.7363962484413573
2005,Treatment 1,7,17.62150029933973
2006,Treatment 1,7,17.13055841397761
2007,Treatment 1,7,15.444017888295145
2008,Treatment 1,7,9.967525073431247
2009,Treatment 1,7,19.373326101065196
2010,Treatment 1,7,12.80079373716593
2011,Treatment 1,7,24.700374578111905
2012,Treatment 1,7,12.893802174447734
2013,Treatment 1,7,-3.103747415247682
2014,Treatment 1,7,15.30892453907784
2015,Treatment 1,7,23.956778085936882
2016,Treatment 1,7,17.791202698294853
2017,Treatment 1,7,14.233747854901095
2018,Treatment 1,7,15.647498998567151
2019,Treatment 1,7,9.071484346122578
2020,Treatment 1,7,19.075689413240756
2021,Treatment 1,7,10.282005257207754
2022,Treatment 1,7,13.578348458522864
2023,Treatment 1,7,18.4755960641144
1950,Treatment 2,7,19.64862844800668
1951,Treatment 2,7,11.238238439842887
1952,Treatment 2,7,12.862024182550815
1953,Treatment 2,7,14.59254792722278
1954,Treatment 2,7,13.944441167313409
1955,Treatment 2,7,11.946017162402235
1956,Treatment 2,7,20.583994670462005
1957,Treatment 2,7,28.894148575261568
1958,Treatment 2,7,14.599215899516546
1959,Treatment 2,7,6.374556404497175
1960,Treatment 2,7,30.145674983701813
1961,Treatment 2,7,21.950439422020665
1962,Treatment 2,7,29.542146457732198
1963,Treatment 2,7,13.78987616380115
1964,Treatment 2,7,21.44905816213576
1965,Treatment 2,7,35.21312954428069
1966,Treatment 2,7,19.603229790037737
1967,Treatment 2,7,9.64545957791078
1968,Treatment 2,7,35.958161131630426
1969,Treatment 2,7,11.81795789096201
1970,Treatment 2,7,22.034117098670443
1971,Treatment 2,7,7.007950496910709
1972,Treatment 2,7,-2.993804726172101
1973,Treatment 2,7,10.815231109204012
1974,Treatment 2,7,11.143147326963401
1975,Treatment 2,7,5.303577314654563
1976,Treatment 2,7,15.174205707366214
1977,Treatment 2,7,15.245202661034803
1978,Treatment 2,7,22.13016369714598
1979,Treatment 2,7,0.2956555315593441
1980,Treatment 2,7,7.4344783042647675
1981,Treatment 2,7,19.70519889177692
1982,Treatment 2,7,24.97862529055365
1983,Treatment 2,7,30.264646146860358
1984,Treatment 2,7,11.559328081873522
1985,Treatment 2,7,15.58917006252823
1986,Treatment 2,7,-11.312405180526195
1987,Treatment 2,7,15.139009741125257
1988,Treatment 2,7,23.07284713196082
1989,Treatment 2,7,6.660834879278482
1990,Treatment 2,7,11.923646538793497
1991,Treatment 2,7,19.749274925237025
1992,Treatment 2,7,19.645460371364376
1993,Treatment 2,7,-0.25403973950233194
1994,Treatment 2,7,4.643461368049337
1995,Treatment 2,7,27.187108365075396
1996,Treatment 2,7,13.206170220667712
1997,Treatment 2,7,15.224124302681714
1998,Treatment 2,7,13.853733421092645
1999,Treatment 2,7,11.135369191202194
2000,Treatment 2,7,19.83482159380009
2001,Treatment 2,7,16.430240117281123
2002,Treatment 2,7,11.475656574571063
2003,Treatment 2,7,16.734600288428027
2004,Treatment 2,7,3.545276233338658
2005,Treatment 2,7,10.361855844662434
2006,Treatment 2,7,25.742474389475966
2007,Treatment 2,7,20.165670070336716
2008,Treatment 2,7,18.029428189452908
2009,Treatment 2,7,14.725167397094266
2010,Treatment 2,7,13.615468821869577
2011,Treatment 2,7,3.0304975676716204
2012,Treatment 2,7,18.164501473132063
2013,Treatment 2,7,17.924918074315652
2014,Treatment 2,7,9.293443484373693
2015,Treatment 2,7,10.053857098430557
2016,Treatment 2,7,20.615628677786567
2017,Treatment 2,7,9.057877588928331
2018,Treatment 2,7,4.409018029657517
2019,Treatment 2,7,15.39506859170774
2020,Treatment 2,7,5.007585388663356
2021,Treatment 2,7,8.157727107654406
2022,Treatment 2,7,9.43642301143142
2023,Treatment 2,7,21.34856861688722
1950,Control,8,18.910606837173425
1951,Control,8,25.461697018449843
1952,Control,8,9.486121838802603
1953,Control,8,13.818482156168631
1954,Control,8,12.565633811254717
1955,Control,8,15.918480121238485
1956,Control,8,12.103802670532286
1957,Control,8,21.514809805119516
1958,Control,8,21.294190927079747
1959,Control,8,17.809280395473465
1960,Control,8,9.446511880123756
1961,Control,8,11.179855370443072
1962,Control,8,25.90152235719401
1963,Control,8,19.0669517151927
1964,Control,8,11.79155794607901
1965,Control,8,34.69065285086324
1966,Control,8,29.60424767967583
1967,Control,8,15.33016064396276
1968,Control,8,1.2595548762564643
1969,Control,8,5.488779993956944
1970,Control,8,8.264095480689893
1971,Control,8,19.93123657856598
1972,Control,8,23.06295711137688
1973,Control,8,7.986653533468286
1974,Control,8,9.039095318586112
1975,Control,8,19.701967375626094
1976,Control,8,19.38473864148205
1977,Control,8,23.791438830816116
1978,Control,8,15.45266006189775
1979,Control,8,15.621223744142082
1980,Control,8,14.390751507242717
1981,Control,8,17.277847140301024
1982,Control,8,22.492567028964086
1983,Control,8,13.993805430199846
1984,Control,8,3.3194955675656903
1985,Control,8,29.119726340952855
1986,Control,8,13.269147789796232
1987,Control,8,14.454223188753526
1988,Control,8,14.800900782412459
1989,Control,8,28.98827822228959
1990,Control,8,13.524865944665933
1991,Control,8,20.515227514094583
1992,Control,8,21.667461544844198
1993,Control,8,28.561497702000057
1994,Control,8,15.656726889457676
1995,Control,8,11.684289021419731
1996,Control,8,14.656257373113807
1997,Control,8,18.198262674828026
1998,Control,8,-2.327587413726299
1999,Control,8,2.9099985033782065
2000,Control,8,29.800800762113976
2001,Control,8,11.312527826805116
2002,Control,8,14.101345531169958
2003,Control,8,15.436525857546137
2004,Control,8,12.687769460384434
2005,Control,8,3.6809399063840598
2006,Control,8,11.07882135907607
2007,Control,8,21.309872216082958
2008,Control,8,11.681092101811839
2009,Control,8,19.30255848234021
2010,Control,8,5.744685493590598
2011,Control,8,25.01864734481947
2012,Control,8,22.83529462771665
2013,Control,8,6.54699515531388
2014,Control,8,11.412994526820405
2015,Control,8,31.01171407575685
2016,Control,8,21.772737595346833
2017,Control,8,21.75809501010442
2018,Control,8,12.346881278416966
2019,Control,8,14.182412775179419
2020,Control,8,5.814689577010389
2021,Control,8,29.613896927108982
2022,Control,8,8.62889128313666
2023,Control,8,27.905302167894657
1950,Treatment 1,8,18.341415684466174
1951,Treatment 1,8,15.37858225848311
1952,Treatment 1,8,12.667252033932154
1953,Treatment 1,8,19.342300830057866
1954,Treatment 1,8,5.164246487139566
1955,Treatment 1,8,16.633091051883348
1956,Treatment 1,8,20.172622433911265
1957,Treatment 1,8,7.7017929628282555
1958,Treatment 1,8,10.631892108122305
1959,Treatment 1,8,12.10230237360182
1960,Treatment 1,8,20.913619856238707
1961,Treatment 1,8,20.527461526583725
1962,Treatment 1,8,15.370310695905447
1963,Treatment 1,8,7.613431959428608
1964,Treatment 1,8,13.40351689725855
1965,Treatment 1,8,4.933688432915622
1966,Treatment 1,8,7.2914708667592905
1967,Treatment 1,8,13.156605309469851
1968,Treatment 1,8,15.207017776591625
1969,Treatment 1,8,16.13934581615282
1970,Treatment 1,8,1.1104549048583738
1971,Treatment 1,8,13.654379897858295
1972,Treatment 1,8,16.672274559532138
1973,Treatment 1,8,14.313551697944908
1974,Treatment 1,8,15.398276020225108
1975,Treatment 1,8,12.720056702333093
1976,Treatment 1,8,13.554078992068316
1977,Treatment 1,8,24.63356758132372
1978,Treatment 1,8,10.940420264820295
1979,Treatment 1,8,4.375253641698398
1980,Treatment 1,8,17.37975063714985
1981,Treatment 1,8,9.66729095972034
1982,Treatment 1,8,15.101784782494391
1983,Treatment 1,8,3.634026985863695
1984,Treatment 1,8,37.168621091571424
1985,Treatment 1,8,9.89033857706206
1986,Treatment 1,8,15.386649148858593
1987,Treatment 1,8,32.44935492251287
1988,Treatment 1,8,16.540170933375908
1989,Treatment 1,8,33.45927810769789
1990,Treatment 1,8,3.070068562844977
1991,Treatment 1,8,8.72313304405251
1992,Treatment 1,8,27.682169531462055
1993,Treatment 1,8,8.306358547660613
1994,Treatment 1,8,20.405545616059754
1995,Treatment 1,8,30.117707555725993
1996,Treatment 1,8,26.20328229358722
1997,Treatment 1,8,25.663270830354858
1998,Treatment 1,8,32.45642524797553
1999,Treatment 1,8,20.178827294656003
2000,Treatment 1,8,15.525178677243806
2001,Treatment 1,8,14.51784945790981
2002,Treatment 1,8,9.520596493643753
2003,Treatment 1,8,9.479003040883299
2004,Treatment 1,8,18.297536322393622
2005,Treatment 1,8,17.1692855233925
2006,Treatment 1,8,3.106866729263853
2007,Treatment 1,8,11.25403210616397
2008,Treatment 1,8,14.406454114594917
2009,Treatment 1,8,-1.5716735238207953
2010,Treatment 1,8,15.412830895595222
2011,Treatment 1,8,7.835061093223805
2012,Treatment 1,8,20.813994388208354
2013,Treatment 1,8,21.746005755888902
2014,Treatment 1,8,11.299826725802173
2015,Treatment 1,8,19.226122763391206
2016,Treatment 1,8,8.08266881752244
2017,Treatment 1,8,22.536857641617125
2018,Treatment 1,8,21.013498045984228
2019,Treatment 1,8,22.749457769357527
2020,Treatment 1,8,1.6582871024236248
2021,Treatment 1,8,25.691560454273514
2022,Treatment 1,8,32.776641148510166
2023,Treatment 1,8,30.623692981893495
1950,Treatment 2,8,12.049165877450903
1951,Treatment 2,8,12.057902938558989
1952,Treatment 2,8,20.16068168306166
1953,Treatment 2,8,18.287616199966426
1954,Treatment 2,8,7.663657129388284
1955,Treatment 2,8,12.21100045936938
1956,Treatment 2,8,26.172698505945696
1957,Treatment 2,8,15.508249539484982
1958,Treatment 2,8,18.18742258542021
1959,Treatment 2,8,25.345392618004816
1960,Treatment 2,8,20.66922853908764
1961,Treatment 2,8,2.0480414838394747
1962,Treatment 2,8,23.28212833871683
1963,Treatment 2,8,10.300514994662562
1964,Treatment 2,8,3.394377855228127
1965,Treatment 2,8,22.33406902096346
1966,Treatment 2,8,23.578126093084673
1967,Treatment 2,8,26.663348673050404
1968,Treatment 2,8,17.929192823520513
1969,Treatment 2,8,26.20228154873823
1970,Treatment 2,8,10.012172225103443
1971,Treatment 2,8,16.37215917787884
1972,Treatment 2,8,15.712553041836033
1973,Treatment 2,8,12.260533350842575
1974,Treatment 2,8,4.861636541581328
1975,Treatment 2,8,26.957443374089024
1976,Treatment 2,8,10.542023349760248
1977,Treatment 2,8,-6.109767517186434
1978,Treatment 2,8,19.56963430042505
1979,Treatment 2,8,23.713844242505168
1980,Treatment 2,8,5.8619776509568915
1981,Treatment 2,8,9.547406492129806
1982,Treatment 2,8,-8.240281715180394
1983,Treatment 2,8,20.3471921124634
1984,Treatment 2,8,9.497649580964229
1985,Treatment 2,8,2.342597877114436
1986,Treatment 2,8,18.796923269020738
1987,Treatment 2,8,18.926942011432217
1988,Treatment 2,8,15.028722023434705
1989,Treatment 2,8,19.13072369592173
1990,Treatment 2,8,7.505999799275474
1991,Treatment 2,8,31.545324334866
1992,Treatment 2,8,7.890657085571314
1993,Treatment 2,8,16.02005643372542
1994,Treatment 2,8,7.2972874718604395
1995,Treatment 2,8,33.50582738364979
1996,Treatment 2,8,11.313123331131445
1997,Treatment 2,8,18.076009153400513
1998,Treatment 2,8,18.162351043804545
1999,Treatment 2,8,25.273336960632754
2000,Treatment 2,8,16.022803056623207
2001,Treatment 2,8,16.541318887938157
2002,Treatment 2,8,12.56559508712094
2003,Treatment 2,8,12.542099083544155
2004,Treatment 2,8,23.82668233202149
2005,Treatment 2,8,14.78248824388565
2006,Treatment 2,8,4.146733905814303
2007,Treatment 2,8,-3.9357518266352542
2008,Treatment 2,8,15.088659765210291
2009,Treatment 2,8,30.552630220498276
2010,Treatment 2,8,18.272488671592594
2011,Treatment 2,8,8.566006759653646
2012,Treatment 2,8,16.222767089882232
2013,Treatment 2,8,19.362669746972557
2014,Treatment 2,8,16.12456747151859
2015,Treatment 2,8,8.030457511917273
2016,Treatment 2,8,22.31430416914046
2017,Treatment 2,8,29.50008104577231
2018,Treatment 2,8,13.036926162601693
2019,Treatment 2,8,10.417434861033659
2020,Treatment 2,8,9.073696533032335
2021,Treatment 2,8,18.331073733393843
2022,Treatment 2,8,13.951536133474121
2023,Treatment 2,8,1.9586462288294744
1950,Control,9,23.745455646253408
1951,Control,9,5.2559596139376765
1952,Control,9,22.401858537342008
1953,Control,9,7.096133405544154
1954,Control,9,9.13112108205009
1955,Control,9,22.504543147166892
1956,Control,9,12.344163255456891
1957,Control,9,3.6860845849433233
1958,Control,9,11.236448325580389
1959,Control,9,13.856720289773815
1960,Control,9,4.190989932254764
1961,Control,9,19.777131924092284
1962,Control,9,14.425297141754633
1963,Control,9,16.723430840927577
1964,Control,9,17.482018700601657
1965,Control,9,16.92409033226471
1966,Control,9,12.748109367946471
1967,Control,9,8.118783040439995
1968,Control,9,17.215616326297418
1969,Control,9,33.11458296901241
1970,Control,9,12.639195757684849
1971,Control,9,27.678719896985072
1972,Control,9,16.156877347508615
1973,Control,9,-4.789981038621562
1974,Control,9,4.145140851547099
1975,Control,9,-0.15884758683514022
1976,Control,9,5.987159531531482
1977,Control,9,29.704584802205815
1978,Control,9,22.735148579093185
1979,Control,9,6.689116178330957
1980,Control,9,8.633642543053398
1981,Control,9,5.263406155745606
1982,Control,9,24.518171614807954
1983,Control,9,8.209686441629428
1984,Control,9,26.272387667684228
1985,Control,9,13.151617350685278
1986,Control,9,14.649303553225888
1987,Control,9,14.700513292725176
1988,Control,9,7.592796119852064
1989,Control,9,-10.620601735357798
1990,Control,9,1.6020239318349354
1991,Control,9,14.529740104683313
1992,Control,9,14.44086355621641
1993,Control,9,20.024146214984366
1994,Control,9,18.282187201865526
1995,Control,9,19.36269058699533
1996,Control,9,5.579670926932815
1997,Control,9,14.9702669035954
1998,Control,9,11.07539283513525
1999,Control,9,23.24393560834093
2000,Control,9,21.952389476554494
2001,Control,9,22.921417060204902
2002,Control,9,17.563618533746897
2003,Control,9,12.800225710321756
2004,Control,9,8.870263772593278
2005,Control,9,25.30666489379508
2006,Control,9,2.074756019514977
2007,Control,9,-10.88721023676817
2008,Control,9,24.97490528460959
2009,Control,9,17.25980750989556
2010,Control,9,15.034366065082743
2011,Control,9,26.107614627491472
2012,Control,9,20.14286765691744
2013,Control,9,18.604238762630942
2014,Control,9,-3.599480864116906
2015,Control,9,11.266490319776516
2016,Control,9,3.1842944791393677
2017,Control,9,5.015734618814525
2018,Control,9,12.65237217779822
2019,Control,9,18.069796234567942
2020,Control,9,5.249983042482365
2021,Control,9,4.670996202280326
2022,Control,9,22.128330815835923
2023,Control,9,21.120476483207113
1950,Treatment 1,9,13.991708456654063
1951,Treatment 1,9,22.300327027290095
1952,Treatment 1,9,20.45063882656271
1953,Treatment 1,9,10.125529187532871
1954,Treatment 1,9,6.211676190505624
1955,Treatment 1,9,26.18379660256378
1956,Treatment 1,9,30.94885477432423
1957,Treatment 1,9,20.33505840335262
1958,Treatment 1,9,23.0473316730083
1959,Treatment 1,9,17.316106840570214
1960,Treatment 1,9,25.09515294012793
1961,Treatment 1,9,13.60770075198715
1962,Treatment 1,9,17.95570465992167
1963,Treatment 1,9,4.774144554254367
1964,Treatment 1,9,15.376394507998743
1965,Treatment 1,9,21.305383302225646
1966,Treatment 1,9,17.533351863528726
1967,Treatment 1,9,22.345933810917018
1968,Treatment 1,9,-8.689183945872703
1969,Treatment 1,9,16.030919620370074
1970,Treatment 1,9,14.08750758865839
1971,Treatment 1,9,12.222223214595667
1972,Treatment 1,9,15.80271976763183
1973,Treatment 1,9,21.78291114654996
1974,Treatment 1,9,5.215315011012001
1975,Treatment 1,9,16.317869183480877
1976,Treatment 1,9,12.493331673713781
1977,Treatment 1,9,34.20280928617311
1978,Treatment 1,9,10.870738911001315
1979,Treatment 1,9,8.420943880743412
1980,Treatment 1,9,5.590145547925651
1981,Treatment 1,9,5.182560061009598
1982,Treatment 1,9,1.5899524126603737
1983,Treatment 1,9,3.6737904648345143
1984,Treatment 1,9,8.624157633241095
1985,Treatment 1,9,23.348855651282108
1986,Treatment 1,9,12.234507055888914
1987,Treatment 1,9,14.503288418415373
1988,Treatment 1,9,7.393551429831514
1989,Treatment 1,9,12.861010619464233
1990,Treatment 1,9,2.9898345885877475
1991,Treatment 1,9,17.07980818370119
1992,Treatment 1,9,12.706705767028758
1993,Treatment 1,9,19.729009829333897
1994,Treatment 1,9,14.578310504210751
1995,Treatment 1,9,16.07965152954551
1996,Treatment 1,9,17.500235626384512
1997,Treatment 1,9,14.243325410932622
1998,Treatment 1,9,19.109746440989635
1999,Treatment 1,9,27.03991694544716
2000,Treatment 1,9,7.5719303146737245
2001,Treatment 1,9,8.11686329582578
2002,Treatment 1,9,15.305127971761099
2003,Treatment 1,9,11.286210097203998
2004,Treatment 1,9,14.844497097114555
2005,Treatment 1,9,29.66760934679558
2006,Treatment 1,9,6.40842525964681
2007,Treatment 1,9,20.31686061500175
2008,Treatment 1,9,1.7474717445793662
2009,Treatment 1,9,26.738669639326403
2010,Treatment 1,9,14.550956469920951
2011,Treatment 1,9,22.966103545307334
2012,Treatment 1,9,13.485611391181225
2013,Treatment 1,9,10.644184288041863
2014,Treatment 1,9,1.8954319988662167
2015,Treatment 1,9,15.428576331994568
2016,Treatment 1,9,21.381980905329986
2017,Treatment 1,9,10.823449803939065
2018,Treatment 1,9,8.377964688661944
2019,Treatment 1,9,10.979829475924706
2020,Treatment 1,9,24.32659018997148
2021,Treatment 1,9,16.419354290678324
2022,Treatment 1,9,22.022183729720844
2023,Treatment 1,9,21.932785624959386
1950,Treatment 2,9,22.543204893831714
1951,Treatment 2,9,5.143303584912703
1952,Treatment 2,9,34.54760089243253
1953,Treatment 2,9,4.853862260794193
1954,Treatment 2,9,20.493869989906973
1955,Treatment 2,9,26.667883818493657
1956,Treatment 2,9,12.192619854331818
1957,Treatment 2,9,16.88440485188866
1958,Treatment 2,9,15.991601421581729
1959,Treatment 2,9,12.539838788495363
1960,Treatment 2,9,14.248000171838736
1961,Treatment 2,9,19.077632839674916
1962,Treatment 2,9,10.302973354891645
1963,Treatment 2,9,10.764425737241375
1964,Treatment 2,9,6.46488738144944
1965,Treatment 2,9,7.262309554739819
1966,Treatment 2,9,38.6441545593467
1967,Treatment 2,9,22.56317755019098
1968,Treatment 2,9,18.191157252902276
1969,Treatment 2,9,8.252125120720464
1970,Treatment 2,9,20.96722904272412
1971,Treatment 2,9,-0.341327548877576
1972,Treatment 2,9,7.867283462033161
1973,Treatment 2,9,10.414477588633932
1974,Treatment 2,9,8.347296419418594
1975,Treatment 2,9,18.39318575348134
1976,Treatment 2,9,-0.6023055843994385
1977,Treatment 2,9,18.78592488462317
1978,Treatment 2,9,3.8565853149317952
1979,Treatment 2,9,13.311910307819945
1980,Treatment 2,9,12.094887564423432
1981,Treatment 2,9,6.910522937426366
1982,Treatment 2,9,15.491182813951546
1983,Treatment 2,9,11.29042203977036
1984,Treatment 2,9,3.117249107602774
1985,Treatment 2,9,14.32414821988727
1986,Treatment 2,9,14.929023467284493
1987,Treatment 2,9,23.49811648923037
1988,Treatment 2,9,34.820728222266865
1989,Treatment 2,9,16.67136281164705
1990,Treatment 2,9,22.11591051871507
1991,Treatment 2,9,-1.3555481563449483
1992,Treatment 2,9,18.784139290087566
1993,Treatment 2,9,14.26554557982873
1994,Treatment 2,9,14.375158329278813
1995,Treatment 2,9,4.962462900793739
1996,Treatment 2,9,3.9200927956420593
1997,Treatment 2,9,10.192599082705403
1998,Treatment 2,9,23.68617205553906
1999,Treatment 2,9,14.149371973257225
2000,Treatment 2,9,10.911379638150915
2001,Treatment 2,9,22.163792190055045
2002,Treatment 2,9,15.398326854854298
2003,Treatment 2,9,23.131843669059926
2004,Treatment 2,9,24.733968592071847
2005,Treatment 2,9,18.173016048149996
2006,Treatment 2,9,25.237792453007486
2007,Treatment 2,9,11.774759611144468
2008,Treatment 2,9,19.16183103273268
2009,Treatment 2,9,16.795755251161786
2010,Treatment 2,9,16.01206488909341
2011,Treatment 2,9,21.86184955427099
2012,Treatment 2,9,24.357810324406962
2013,Treatment 2,9,3.8105142422097327
2014,Treatment 2,9,9.744383871420908
2015,Treatment 2,9,19.580961921985473
2016,Treatment 2,9,8.593276710600664
2017,Treatment 2,9,6.602499016059031
2018,Treatment 2,9,24.226681316062397
2019,Treatment 2,9,7.615381147296542
2020,Treatment 2,9,14.180571784143947
2021,Treatment 2,9,8.16476147966383
2022,Treatment 2,9,14.79135848254226
2023,Treatment 2,9,24.427131713560396
1950,Control,10,16.506797072668057
1951,Control,10,7.136449943777181
1952,Control,10,4.352770470630908
1953,Control,10,10.071737251642888
1954,Control,10,22.868462575482262
1955,Control,10,15.872319958967129
1956,Control,10,23.28411316450976
1957,Control,10,28.69884314873151
1958,Control,10,30.950934252613123
1959,Control,10,6.882027257273759
1960,Control,10,24.39354427621503
1961,Control,10,15.545033596584098
1962,Control,10,21.187068360932557
1963,Control,10,11.775072576939191
1964,Control,10,10.952107357913423
1965,Control,10,-1.7721163991958342
1966,Control,10,16.322326564544134
1967,Control,10,9.080032797674223
1968,Control,10,-1.3990147712225962
1969,Control,10,23.035922065688695
1970,Control,10,14.708373168039461
1971,Control,10,4.182586275862391
1972,Control,10,19.61878812850245
1973,Control,10,3.0526147404811947
1974,Control,10,9.996644754499204
1975,Control,10,15.255106784125735
1976,Control,10,1.9018724829057216
1977,Control,10,12.00750888349471
1978,Control,10,19.035430003039803
1979,Control,10,6.225155593636359
1980,Control,10,39.17149296448122
1981,Control,10,5.4689865934597535
1982,Control,10,13.810260139875044
1983,Control,10,11.233782446943726
1984,Control,10,20.59890132955926
1985,Control,10,18.20556655748702
1986,Control,10,19.742640703177432
1987,Control,10,17.205260977216973
1988,Control,10,5.6705094722993294
1989,Control,10,10.538066780847188
1990,Control,10,14.04996336575724
1991,Control,10,-3.052232022369786
1992,Control,10,25.10334808781666
1993,Control,10,10.266649034412847
1994,Control,10,25.056051712360166
1995,Control,10,14.478305939675703
1996,Control,10,23.513742419228443
1997,Control,10,12.859929075536533
1998,Control,10,14.944439620092163
1999,Control,10,11.181036278293186
2000,Control,10,17.954610528753665
2001,Control,10,20.780153606202198
2002,Control,10,6.165519524667479
2003,Control,10,17.86510423994334
2004,Control,10,20.036900979296846
2005,Control,10,17.192541325345495
2006,Control,10,-2.9219158093203603
2007,Control,10,9.919160736646067
2008,Control,10,19.190667288598966
2009,Control,10,9.33837228674005
2010,Control,10,19.746223784506267
2011,Control,10,14.7775333348207
2012,Control,10,8.68839933089064
2013,Control,10,26.00007185891174
2014,Control,10,30.8888432445034
2015,Control,10,13.656340229983389
2016,Control,10,14.531901611401059
2017,Control,10,15.942971709485882
2018,Control,10,5.340042906523221
2019,Control,10,26.577508506525813
2020,Control,10,6.8016262274152375
2021,Control,10,36.71728444065491
2022,Control,10,26.52274691848053
2023,Control,10,2.6391696370067272
1950,Treatment 1,10,-3.7076370708136217
1951,Treatment 1,10,12.401175380379811
1952,Treatment 1,10,23.530457415517787
1953,Treatment 1,10,10.058590442731425
1954,Treatment 1,10,14.274015072168329
1955,Treatment 1,10,23.997825130352897
1956,Treatment 1,10,3.612226666941501
1957,Treatment 1,10,17.13825316615413
1958,Treatment 1,10,10.334483641691453
1959,Treatment 1,10,7.731656438446681
1960,Treatment 1,10,22.446113465795804
1961,Treatment 1,10,12.435511850537402
1962,Treatment 1,10,7.811042154729624
1963,Treatment 1,10,31.438801708005258
1964,Treatment 1,10,14.612352183186466
1965,Treatment 1,10,9.840884238131611
1966,Treatment 1,10,13.177078370663219
1967,Treatment 1,10,5.867706506490654
1968,Treatment 1,10,0.5370133217011048
1969,Treatment 1,10,8.990609868191596
1970,Treatment 1,10,5.188551732687078
1971,Treatment 1,10,14.777255647831879
1972,Treatment 1,10,25.855440250565053
1973,Treatment 1,10,8.213786443925146
1974,Treatment 1,10,19.731106739103794
1975,Treatment 1,10,8.398869334207177
1976,Treatment 1,10,8.50065284445178
1977,Treatment 1,10,16.898103174719164
1978,Treatment 1,10,-1.3210115375556697
1979,Treatment 1,10,18.594850254772027
1980,Treatment 1,10,12.336814448498775
1981,Treatment 1,10,7.6274614379505055
1982,Treatment 1,10,17.450730661391113
1983,Treatment 1,10,24.299958484603295
1984,Treatment 1,10,11.409623572248327
1985,Treatment 1,10,-3.12375733516447
1986,Treatment 1,10,11.428136924938217
1987,Treatment 1,10,14.40026677601302
1988,Treatment 1,10,20.83909666714085
1989,Treatment 1,10,30.051091107941787
1990,Treatment 1,10,22.909912718266455
1991,Treatment 1,10,30.812808418123623
1992,Treatment 1,10,-11.693889067412389
1993,Treatment 1,10,22.97536625717393
1994,Treatment 1,10,9.845340801588
1995,Treatment 1,10,19.472077491927617
1996,Treatment 1,10,9.440378999576492
1997,Treatment 1,10,28.2643825862081
1998,Treatment 1,10,24.237310193460488
1999,Treatment 1,10,17.02278452523007
2000,Treatment 1,10,25.318564182647506
2001,Treatment 1,10,15.736432051797983
2002,Treatment 1,10,1.3375396573634433
2003,Treatment 1,10,17.2117428524098
2004,Treatment 1,10,5.813197102210124
2005,Treatment 1,10,26.227469848824654
2006,Treatment 1,10,12.267264738530226
2007,Treatment 1,10,15.98159862334641
2008,Treatment 1,10,13.465024096066344
2009,Treatment 1,10,21.717525896199444
2010,Treatment 1,10,22.015118888628024
2011,Treatment 1,10,11.333865814190723
2012,Treatment 1,10,15.845367701588142
2013,Treatment 1,10,-3.1369644620141983
2014,Treatment 1,10,23.224785184080623
2015,Treatment 1,10,8.921396323975221
2016,Treatment 1,10,13.573568115656135
2017,Treatment 1,10,3.838666679818374
2018,Treatment 1,10,16.229821335291962
2019,Treatment 1,10,31.664576748312342
2020,Treatment 1,10,20.053460453947935
2021,Treatment 1,10,22.132436926529074
2022,Treatment 1,10,6.591374268533489
2023,Treatment 1,10,19.12145209939493
1950,Treatment 2,10,20.27641645430411
1951,Treatment 2,10,10.899670544916185
1952,Treatment 2,10,4.355819993175594
1953,Treatment 2,10,12.11228780617163
1954,Treatment 2,10,29.430816834481174
1955,Treatment 2,10,11.56061820128999
1956,Treatment 2,10,21.16692238582926
1957,Treatment 2,10,15.484528613376298
1958,Treatment 2,10,11.136697162170774
1959,Treatment 2,10,26.48804193393685
1960,Treatment 2,10,14.784462639713379
1961,Treatment 2,10,10.880880093272346
1962,Treatment 2,10,19.481328581496925
1963,Treatment 2,10,19.944956350499616
1964,Treatment 2,10,16.68082279069797
1965,Treatment 2,10,25.89143349397864
1966,Treatment 2,10,22.997617892285632
1967,Treatment 2,10,13.594307872506434
1968,Treatment 2,10,9.679826060809749
1969,Treatment 2,10,10.865792141815884
1970,Treatment 2,10,15.431946167308373
1971,Treatment 2,10,18.823704699321297
1972,Treatment 2,10,17.31124768705819
1973,Treatment 2,10,5.118520478692986
1974,Treatment 2,10,2.293273087313258
1975,Treatment 2,10,25.559909703981802
1976,Treatment 2,10,1.0769409269828056
1977,Treatment 2,10,23.18995185205516
1978,Treatment 2,10,24.204014709495148
1979,Treatment 2,10,17.171567706132084
1980,Treatment 2,10,22.358071108477066
1981,Treatment 2,10,16.883286121796388
1982,Treatment 2,10,27.563300873356962
1983,Treatment 2,10,22.842382118637047
1984,Treatment 2,10,17.175645305317413
1985,Treatment 2,10,-4.816300673251757
1986,Treatment 2,10,26.419179667175996
1987,Treatment 2,10,6.999495817970894
1988,Treatment 2,10,0.12798464960468436
1989,Treatment 2,10,7.53916234200119
1990,Treatment 2,10,26.16855203082965
1991,Treatment 2,10,22.107654223227765
1992,Treatment 2,10,15.127442100964668
1993,Treatment 2,10,19.946558058363593
1994,Treatment 2,10,5.292071869212414
1995,Treatment 2,10,6.021889869723676
1996,Treatment 2,10,29.09514084242967
1997,Treatment 2,10,10.097068216393586
1998,Treatment 2,10,16.254154236937552
1999,Treatment 2,10,0.6749460085104726
2000,Treatment 2,10,37.88024094240973
2001,Treatment 2,10,2.635685192296421
2002,Treatment 2,10,16.372696271331886
2003,Treatment 2,10,17.12839156098937
2004,Treatment 2,10,0.7205317805289919
2005,Treatment 2,10,4.577937936479575
2006,Treatment 2,10,17.301981701781013
2007,Treatment 2,10,13.351203683496413
2008,Treatment 2,10,13.714031320106344
2009,Treatment 2,10,7.07254280097591
2010,Treatment 2,10,19.70382120232255
2011,Treatment 2,10,15.376496733037055
2012,Treatment 2,10,25.008036553270422
2013,Treatment 2,10,31.865674566034677
2014,Treatment 2,10,14.274887796334626
2015,Treatment 2,10,30.70708640316359
2016,Treatment 2,10,13.965394384883897
2017,Treatment 2,10,26.82898096113758
2018,Treatment 2,10,17.840913245793985
2019,Treatment 2,10,12.508830931765203
2020,Treatment 2,10,23.11621413335965
2021,Treatment 2,10,3.885163611710679
2022,Treatment 2,10,19.717501267494907
2023,Treatment 2,10,16.84052642826354
